"NE669535","AMERICAN LEGION POST 122      ","221 POPLAR ST                 ","ANTHONY             ","TX","79821","071","          ","2016/06", 000000198.72
"NE669535","AMERICAN LEGION POST 122      ","221 POPLAR ST                 ","ANTHONY             ","TX","79821","071","          ","2016/07", 000000324.68
"MB651818","PEPPE'S RESTAURANT            ","6761 DONIPHAN DR SPC B&C      ","CANUTILLO           ","TX","79835","071","          ","2016/07", 000000070.88
"MB752007","MAMACITAS RESTAURANT & BAR    ","1580 CLINT CUTOFF RD          ","CLINT               ","TX","79836","071","          ","2016/07", 000001551.25
"MB917848","ACE IN THE HOLE BAR AND GRILL ","3136 TRAWOOD DR               ","EL PASO             ","TX","79936","071","          ","2016/07", 000001463.68
"MB773382","ACEITUNAS BEER GARDEN         ","5200 DONIPHAN DR              ","EL PASO             ","TX","79932","071","          ","2016/07", 000005892.78
"MB856779","ADRIAN'S EAST                 ","1530 LOMALAND DR STE K        ","EL PASO             ","TX","79935","071","          ","2016/07", 000003435.22
"MB133875","ADRIAN'S LOUNGE               ","3400 GATEWAY BLVD E           ","EL PASO             ","TX","79905","071","          ","2016/07", 000003620.81
"MB868184","AGAVE AZUL NIGHT CLUB         ","1441 N ZARAGOZA RD STE 12     ","EL PASO             ","TX","79936","071","          ","2016/07", 000001145.36
"MB937904","ALAMO DRAFTHOUSE CINEMAS      ","250 MONTECILLO BLVD           ","EL PASO             ","TX","79912","071","          ","2016/07", 000008288.36
"MB952884","AMC EAST POINTE 12            ","8300 GATEWAY BLVD E STE 200-  ","EL PASO             ","TX","79907","071","          ","2016/07", 000000000.00
"NE083051","AMERICAN LEGION DEL NORTE POST","4724 VULCAN AVE               ","EL PASO             ","TX","79904","071","          ","2016/06", 000000767.61
"MB443386","AMIGOS RESTAURANT             ","2000 MONTANA AVE              ","EL PASO             ","TX","79903","071","          ","2016/06", 000000078.52
"MB936693","AND STILL CRAFT HOUSE         ","2270 JOE BATTLE BLVD # F-G    ","EL PASO             ","TX","79938","071","          ","2016/07", 000000000.00
"MB579050","ANDALE MEXICAN CUISINE INC    ","9201 GATEWAY BLVD W           ","EL PASO             ","TX","79925","071","          ","2016/07", 000007757.32
"MB891569","ANGRY OWL GRILL & CANTINA     ","4799 N MESA ST                ","EL PASO             ","TX","79912","071","          ","2016/07", 000001964.70
"MB824111","ANSON'S                       ","303 N OREGON ST STE 110       ","EL PASO             ","TX","79901","071","          ","2016/07", 000004472.45
"MB488528","APPLEBEE'S NEIGHBORHOOD GRILL ","4700 WOODROW BEAN             ","EL PASO             ","TX","79924","071","          ","2016/07", 000002865.85
"MB488534","APPLEBEE'S NEIGHBORHOOD GRILL ","1985 GEORGE DIETER DR         ","EL PASO             ","TX","79936","071","          ","2016/07", 000002186.34
"MB488526","APPLEBEE'S NEIGHBORHOOD GRILL ","1766 AIRWAY BLVD              ","EL PASO             ","TX","79925","071","          ","2016/07", 000002880.86
"MB488532","APPLEBEE'S NEIGHBORHOOD GRILL ","7956 E GATEWAY BLVD           ","EL PASO             ","TX","79915","071","          ","2016/07", 000003203.67
"MB488530","APPLEBEE'S NEIGHBORHOOD GRILL ","5800 N MESA ST                ","EL PASO             ","TX","79912","071","          ","2016/07", 000001722.36
"MB713713","APPLEBEE'S NEIGHBORHOOD GRILL ","1350B GEORGE DIETER DR        ","EL PASO             ","TX","79936","071","          ","2016/07", 000002664.18
"MB550001","APPLEBEES NEIGHBORHOOD GRILL &","440 E REDD RD                 ","EL PASO             ","TX","79912","071","          ","2016/07", 000002139.77
"MB861715","APPLEBEES NEIGHBORHOOD GRILL A","3460 JOE BATTLE BLVD          ","EL PASO             ","TX","79938","071","          ","2016/07", 000002877.11
"MB826602","AVIATORS                      ","9477 DYER ST STE H            ","EL PASO             ","TX","79924","071","          ","2016/07", 000003245.48
"MB869311","AVIATORS WEST                 ","4025 N MESA ST STE B          ","EL PASO             ","TX","79902","071","          ","2016/07", 000001068.44
"NE068896","B P O E EL PASO #187          ","2278 TRAWOOD DR STE C&D       ","EL PASO             ","TX","79935","071","          ","2016/06", 000000080.60
"MB928713","B-2 BOMBERS OYSTER PUB        ","12798 EDGEMERE BLVD UNIT D    ","EL PASO             ","TX","79938","071","          ","2016/07", 000002652.99
"MB833615","B-52 BOMBERS                  ","12275 PELLICANO DR STE D      ","EL PASO             ","TX","79936","071","          ","2016/07", 000003839.83
"MB870781","BAR FLY                       ","11335 MONTWOOD DR STE J       ","EL PASO             ","TX","79936","071","          ","2016/07", 000016624.30
"MB923611","BARMEN                        ","4130 N MESA ST                ","EL PASO             ","TX","79902","071","          ","2016/07", 000002432.10
"MB530865","BARRIGAS                      ","664 SUNLAND PARK DR           ","EL PASO             ","TX","79912","071","          ","2016/07", 000000790.39
"MB547051","BARRIGAS                      ","1317 GEORGE DIETER DR         ","EL PASO             ","TX","79936","071","          ","2016/07", 000000854.71
"MB816802","BASICO BISTRO CAFE            ","6006 N MESA ST STE 106        ","EL PASO             ","TX","79912","071","          ","2016/06", 000000509.87
"MB938514","BEACH BAR                     ","6920 DELTA DR STE 13          ","EL PASO             ","TX","79905","071","          ","2016/07", 000003808.95
"MB737069","BEST WESTERN INTERNATIONAL    ","6655 GATEWAY BLVD W           ","EL PASO             ","TX","79925","071","          ","2016/07", 000004732.00
"MB943440","BIG LOU'S ICEHOUSE            ","1188 N YARBROUGH DR STE C     ","EL PASO             ","TX","79925","071","          ","2016/06", 000000000.00
"MB943440","BIG LOU'S ICEHOUSE            ","1188 N YARBROUGH DR STE C     ","EL PASO             ","TX","79925","071","          ","2016/07", 000001143.69
"MB632538","BJ'S RESTAURANT & BREWHOUSE   ","11905 GATEWAY BLVD W          ","EL PASO             ","TX","79936","071","          ","2016/07", 000004809.99
"MB869540","BLACKBIRD CANTINA DELUXE      ","533 W FRANKLIN AVE            ","EL PASO             ","TX","79901","071","          ","2016/07", 000004359.42
"MB730874","BLOCK TABLE & TAP             ","4172 N MESA ST STE C          ","EL PASO             ","TX","79902","071","          ","2016/07", 000001579.39
"MB671082","BLUE DEVIL                    ","2720 MONTANA AVE              ","EL PASO             ","TX","79903","071","          ","2016/06", 000000121.27
"MB905648","BOGART'S STEAKHOUSE & BAR     ","5825 N MESA ST                ","EL PASO             ","TX","79912","071","          ","2016/06", 000002055.56
"MB905648","BOGART'S STEAKHOUSE & BAR     ","5825 N MESA ST                ","EL PASO             ","TX","79912","071","          ","2016/07", 000000822.89
"MB902976","BOOMTOWN TAVERN               ","2430A WYOMING AVE             ","EL PASO             ","TX","79903","071","          ","2016/07", 000001068.31
"MB570152","BORDER CITY ALE HOUSE         ","1506 N LEE TREVINO DR STE G   ","EL PASO             ","TX","79936","071","          ","2016/07", 000008071.08
"MB731694","BORDIER ENTERPRISES, LLC      ","5860 N MESA ST STE 134        ","EL PASO             ","TX","79912","071","          ","2016/07", 000001774.96
"MB754891","BOURBON & BREWS BAR & GRILLE  ","2931 GEORGE DIETER DR STE I   ","EL PASO             ","TX","79936","071","          ","2016/07", 000004033.80
"MB691680","BOWL EL PASO                  ","11144 PELLICANO DR            ","EL PASO             ","TX","79935","071","          ","2016/07", 000005070.42
"MB214587","BRASS ASP                     ","6201 AIRPORT RD               ","EL PASO             ","TX","79925","071","          ","2016/07", 000001410.41
"MB671051","BRASS MONKEY                  ","3233 N MESA ST STE 103        ","EL PASO             ","TX","79902","071","          ","2016/07", 000004130.34
"MB737471","BREW                          ","8041 N MESA ST STE H          ","EL PASO             ","TX","79932","071","          ","2016/07", 000006058.94
"MB865339","BREW SPORTS BAR               ","1441 N ZARAGOZA RD STE I      ","EL PASO             ","TX","79936","071","          ","2016/07", 000004760.48
"MB940929","BRICKTOWN TAP HOUSE & KITCHEN ","8889 GATEWAY BLVD W STE 1530  ","EL PASO             ","TX","79925","071","          ","2016/07", 000000278.18
"MB764118","BUCHANAN'S                    ","11540 PELLICANO DR            ","EL PASO             ","TX","79936","071","          ","2016/06", 000000000.00
"MB764118","BUCHANAN'S                    ","11540 PELLICANO DR            ","EL PASO             ","TX","79936","071","          ","2016/07", 000000145.39
"MB711448","BUENO INVESTMENTS, INC        ","1510 HAWKINS BLVD             ","EL PASO             ","TX","79925","071","          ","2016/07", 000001034.34
"MB925438","BUFFALO WILD WINGS GRILL & BAR","10497 GATEWAY BLVD W          ","EL PASO             ","TX","79925","071","          ","2016/07", 000002667.06
"MB926061","BUFFALO WILD WINGS GRILL & BAR","655 SUNLAND PARK DR STE K1    ","EL PASO             ","TX","79912","071","          ","2016/07", 000001900.58
"MB668075","BUTTERFIELD TRAIL GOLF CLUB   ","1858 COTTONWOODS              ","EL PASO             ","TX","79906","071","          ","2016/07", 000000744.83
"MB552925","CABANA BEVERAGES INC          ","6345 GATEWAY BLVD W           ","EL PASO             ","TX","79925","071","          ","2016/07", 000000914.88
"MB667829","CABANA BEVERAGES LVD          ","1880 JOE BATTLE BLVD          ","EL PASO             ","TX","79936","071","          ","2016/07", 000000886.07
"MB251241","CABANA BEVERAGES, INC.        ","4810 HONDO PASS               ","EL PASO             ","TX","79904","071","          ","2016/07", 000000535.12
"MB251245","CABANA BEVERAGES, INC.        ","1777 LEE TREVINO DR           ","EL PASO             ","TX","79936","071","          ","2016/07", 000000653.18
"MB251239","CABANA BEVERAGES, INC.        ","5866 NORTH MESA ST            ","EL PASO             ","TX","79912","071","          ","2016/07", 000000556.56
"MB253592","CABANA BEVERAGES, INC.        ","7870 N MESA ST                ","EL PASO             ","TX","79932","071","          ","2016/07", 000000400.39
"MB873473","CABANA BEVERAGES, INC.        ","11801 GATEWAY BLVD W          ","EL PASO             ","TX","79936","071","          ","2016/07", 000000497.20
"MB771727","CABO JOE'S                    ","7942 GATEWAY BLVD E           ","EL PASO             ","TX","79915","071","          ","2016/07", 000009174.91
"MB854038","CABO JOE'S                    ","1700 N ZARAGOZA RD STE 156-1  ","EL PASO             ","TX","79936","071","          ","2016/07", 000010906.46
"MB706371","CAFE CENTRAL                  ","109 N OREGON ST               ","EL PASO             ","TX","79901","071","          ","2016/07", 000005227.80
"MB675091","CAMELBACK LOUNGE LLC          ","2027 AIRWAY BLVD              ","EL PASO             ","TX","79925","071","          ","2016/07", 000001823.94
"MB257832","CAMINO REAL PASO DEL NORTE    ","101 S EL PASO ST              ","EL PASO             ","TX","79901","071","          ","2016/07", 000003165.14
"MB871033","CANTINA MALOLAM               ","4935 N MESA ST STE 2          ","EL PASO             ","TX","79912","071","          ","2016/07", 000015550.16
"MB736696","CARINO'S ITALIAN              ","1201 AIRWAY BLVD              ","EL PASO             ","TX","79925","071","          ","2016/07", 000000882.05
"MB675247","CARINO'S ITALIAN GRILL        ","675 SUNLAND PARK DR           ","EL PASO             ","TX","79912","071","          ","2016/07", 000000803.53
"MB189427","CARLOS & MICKEY'S FINE MEXICAN","1310 MAGRUDER ST              ","EL PASO             ","TX","79925","071","          ","2016/07", 000008387.06
"MB926352","CARNITAS QUERETARO            ","9077 GATEWAY BLVD W           ","EL PASO             ","TX","79925","071","          ","2016/07", 000000671.13
"MB858732","CARNITAS QUERETARO            ","7410 REMCON CIR               ","EL PASO             ","TX","79912","071","          ","2016/07", 000000769.36
"MB611560","CARNITAS QUERETARO #3         ","1451 N ZARAGOZA RD            ","EL PASO             ","TX","79936","071","          ","2016/07", 000000583.70
"MB159145","CASA JURADO II WEST           ","4772 DONIPHAN DR              ","EL PASO             ","TX","79922","071","          ","2016/06", 000000251.71
"MB693973","CASTILLO'S NIGHT CLUB         ","7240 N LOOP DR                ","EL PASO             ","TX","79915","071","          ","2016/07", 000001986.88
"MB259627","CATTLE BARON STEAK & SEAFOOD R","1700 AIRWAY BLVD              ","EL PASO             ","TX","79925","071","          ","2016/07", 000002309.15
"MB856507","CATTLE BARON STEAK & SEAFOOD R","1799 JOE BATTLE BLVD          ","EL PASO             ","TX","79936","071","          ","2016/07", 000000944.43
"MB451933","CHEDDAR'S CASUAL CAFE         ","11895 GATEWAY BLVD W          ","EL PASO             ","TX","79936","071","          ","2016/07", 000003351.87
"MB859241","CHIHUA TACOS Y CORTES         ","9135 GATEWAY BLVD W           ","EL PASO             ","TX","79925","071","          ","2016/07", 000000285.82
"MB501620","CHILI'S GRILL & BAR           ","1510 N LEE TREVINO DR         ","EL PASO             ","TX","79936","071","          ","2016/07", 000001967.45
"MB501622","CHILI'S GRILL & BAR           ","1421 AIRWAY BLVD              ","EL PASO             ","TX","79925","071","          ","2016/07", 000002140.65
"MB501624","CHILI'S GRILL & BAR           ","7600 N MESA ST                ","EL PASO             ","TX","79912","071","          ","2016/07", 000002304.26
"MB528693","CHILI'S GRILL & BAR           ","4525 WOODROW BEAN TRANSMOUNT  ","EL PASO             ","TX","79924","071","          ","2016/07", 000002610.32
"MB802280","CHIPOTLE MEXICAN GRILL        ","2900 N MESA ST STE H          ","EL PASO             ","TX","79902","071","          ","2016/07", 000000037.92
"MB827179","CHIPOTLE MEXICAN GRILL        ","1355A GEORGE DIETER DR STE 1  ","EL PASO             ","TX","79936","071","          ","2016/07", 000000019.29
"MB858500","CHIPOTLE MEXICAN GRILL        ","8889 GATEWAY BLVD W           ","EL PASO             ","TX","79925","071","          ","2016/07", 000000060.97
"MB936755","CHIPOTLE MEXICAN GRILL        ","10771 GATEWAY BLVD S STE M    ","EL PASO             ","TX","79934","071","          ","2016/07", 000000046.09
"MB465516","CHIQUITA BAR                  ","310 E MISSOURI AVE            ","EL PASO             ","TX","79901","071","          ","2016/07", 000001674.59
"MB937105","CHIT CHAT BAR & LOUNGE        ","4808 DYER ST                  ","EL PASO             ","TX","79930","071","          ","2016/06", 000000481.39
"MB905915","CHUY'S EL PASO                ","8889 GATEWAY BLVD W STE 1500  ","EL PASO             ","TX","79925","071","          ","2016/07", 000003642.32
"MB857360","CINCINNATI BAR AND GRILL      ","1700 N ZARAGOZA RD STE 155    ","EL PASO             ","TX","79936","071","          ","2016/07", 000006897.91
"MB735392","CINCO ESTRELLAS CANTINA       ","9430 MCCOMBS ST STE F         ","EL PASO             ","TX","79924","071","          ","2016/07", 000001297.65
"MB180263","CLICKS                        ","1201 AIRWAY BLVD STE A-3      ","EL PASO             ","TX","79925","071","          ","2016/07", 000003762.65
"MB926646","CLUB B P                      ","504 W SAN ANTONIO AVE STE A   ","EL PASO             ","TX","79901","071","          ","2016/07", 000001781.59
"MB803074","CLUB LOTUS/CLUB PASHA AND OLIV","201 N STANTON ST              ","EL PASO             ","TX","79901","071","          ","2016/07", 000000000.00
"MB762831","CLUB 54                       ","4875 RUTHERFORD DR            ","EL PASO             ","TX","79924","071","          ","2016/07", 000001674.19
"MB786442","COCO BAR                      ","1515 N LEE TREVINO DR STE S   ","EL PASO             ","TX","79936","071","          ","2016/07", 000004935.89
"MB796941","COCONUTS                      ","816 N PIEDRAS ST              ","EL PASO             ","TX","79903","071","          ","2016/07", 000004929.72
"NE509166","COL LOUIS A CARTER POST 832   ","2400 BASSETT AVE              ","EL PASO             ","TX","79901","071","          ","2016/07", 000000373.59
"MB239468","CORONADO GOLF AND COUNTRY CLUB","1044 BROADMOOR DR             ","EL PASO             ","TX","79912","071","          ","2016/07", 000003402.79
"MB776200","CORRALITO STEAK HOUSE         ","5800 DONIPHAN DR              ","EL PASO             ","TX","79932","071","          ","2016/07", 000003071.54
"MB870938","CORRALITO STEAK HOUSE         ","2725 N MESA ST SPC A          ","EL PASO             ","TX","79902","071","          ","2016/07", 000001228.11
"MB784200","COURTYARD EL PASO AIRPORT     ","6610 INTERNATIONAL RD         ","EL PASO             ","TX","79925","071","          ","2016/07", 000000447.02
"MB772563","CRAVE KITCHEN AND BAR         ","11990 ROJAS DR                ","EL PASO             ","TX","79936","071","          ","2016/07", 000001560.36
"MB893825","CRAVE KITCHEN AND BAR         ","631 N RESLER DR STE 202B      ","EL PASO             ","TX","79912","071","          ","2016/07", 000001241.91
"MB732341","CRAWDADDY'S BAR & GRILL       ","212 CINCINNATI AVE            ","EL PASO             ","TX","79902","071","          ","2016/07", 000001110.05
"MB798050","CRUST                         ","5860 N MESA ST STE 133-135    ","EL PASO             ","TX","79912","071","          ","2016/07", 000000000.00
"MB726473","CUNADO'S RESTAURANT           ","8030 GATEWAY BLVD E           ","EL PASO             ","TX","79907","071","          ","2016/07", 000002270.96
"MB935662","DAVE & BUSTER'S               ","6101 GATEWAY BLVD W STE 2006  ","EL PASO             ","TX","79925","071","          ","2016/07", 000009600.49
"NE067939","DAVIS-SEAMON POST NO 812 VFW  ","2400 DAVIS SEAMON RD          ","EL PASO             ","TX","79930","071","          ","2016/07", 000000866.64
"MB896821","DELICIAS DEL MAR INC          ","1921 N ZARAGOZA RD            ","EL PASO             ","TX","79938","071","          ","2016/07", 000000498.07
"MB939542","DESPERADOS NIGHT CLUB         ","1615 MONTANA AVE              ","EL PASO             ","TX","79902","071","          ","2016/06", 000000529.63
"MB796210","DEUCE'S ROCKHOUSE             ","9828 MONTANA AVE              ","EL PASO             ","TX","79925","071","          ","2016/07", 000000671.27
"MB941567","DEUCE'S ROCKHOUSE LLC         ","12821 MONTANA AVE STE B       ","EL PASO             ","TX","79938","071","          ","2016/07", 000000000.00
"MB912027","DEWEY'S CORNER PUB            ","812 N PIEDRAS ST              ","EL PASO             ","TX","79903","071","          ","2016/07", 000002889.77
"MB913235","DIABLA BAR                    ","1441 N ZARAGOZA RD STE A-7    ","EL PASO             ","TX","79936","071","          ","2016/06", 000000146.73
"MB892965","DITZY DUCK                    ","207 CINCINNATI AVE            ","EL PASO             ","TX","79902","071","          ","2016/06", 000001698.78
"MB509261","DOMINIC'S                     ","6901 MONTANA AVE              ","EL PASO             ","TX","79925","071","          ","2016/07", 000001090.62
"MB799446","DOWN THE ROAD NIGHT CLUB      ","8635 DYER ST                  ","EL PASO             ","TX","79904","071","          ","2016/07", 000000222.70
"MB938682","DOWNTOWNER                    ","325 N KANSAS ST               ","EL PASO             ","TX","79901","071","          ","2016/07", 000001006.40
"MB938601","EDGE OF TEXAS                 ","8690 EDGE OF TEXAS            ","EL PASO             ","TX","79934","071","          ","2016/07", 000000364.07
"MB834149","EL AGAVE                      ","9515 GATEWAY BLVD W           ","EL PASO             ","TX","79925","071","          ","2016/05", 000002875.10
"MB834149","EL AGAVE                      ","9515 GATEWAY BLVD W           ","EL PASO             ","TX","79925","071","          ","2016/06", 000002994.09
"MB896480","EL COYOTE COJO                ","14261 MONTANA AVE STE A       ","EL PASO             ","TX","79938","071","          ","2016/06", 000002999.99
"MB867238","EL PASO BALLPARK-CONCOURSE, CL","1 BALLPARK PLZ, CLUB & PRESS  ","EL PASO             ","TX","79901","071","          ","2016/07", 000006133.38
"MB867251","EL PASO BALLPARK-OUTFIELD CATE","1 BALLPARK PLZ, OUTFIELD CAT  ","EL PASO             ","TX","79901","071","          ","2016/07", 000002270.49
"MB712755","EL PASO COMIC STRIP           ","1201 AIRWAY BLVD              ","EL PASO             ","TX","79925","071","          ","2016/07", 000002146.81
"MB620765","EL PASO CONVENTION AND PERFORM","1 CIVIC CENTER PLZ            ","EL PASO             ","TX","79901","071","          ","2016/07", 000004790.63
"MB209317","EL PASO COUNTRY CLUB          ","5000 COUNTRY CLUB PLACE       ","EL PASO             ","TX","79922","071","          ","2016/07", 000002586.53
"NE135739","EL PASO EASTWOOD AMER LEGION P","3730 SHELL ST                 ","EL PASO             ","TX","79925","071","          ","2016/07", 000000590.80
"MB739370","EL PASO HOUSE OF ROCK         ","931 N RESLER DR STE 108       ","EL PASO             ","TX","79912","071","          ","2016/07", 000003320.45
"MB772559","EL PASO MARRIOTT              ","1600 AIRWAY BLVD              ","EL PASO             ","TX","79925","071","          ","2016/07", 000001679.95
"MB729214","EL PATRON SPORTS BAR          ","5622 E PAISANO DR             ","EL PASO             ","TX","79925","071","          ","2016/07", 000000785.03
"MB874461","ELEANOR RIGBY'S WORLD PUB     ","1201 BOB HOPE DR              ","EL PASO             ","TX","79936","071","          ","2016/05", 000001143.15
"MB874461","ELEANOR RIGBY'S WORLD PUB     ","1201 BOB HOPE DR              ","EL PASO             ","TX","79936","071","          ","2016/06", 000001103.82
"MB874461","ELEANOR RIGBY'S WORLD PUB     ","1201 BOB HOPE DR              ","EL PASO             ","TX","79936","071","          ","2016/07", 000001042.05
"MB949235","ELEMENTS RESTAURANT & BAR, LLC","5380 N MESA ST STE 109-110    ","EL PASO             ","TX","79912","071","          ","2016/06", 000000000.00
"MB949235","ELEMENTS RESTAURANT & BAR, LLC","5380 N MESA ST STE 109-110    ","EL PASO             ","TX","79912","071","          ","2016/07", 000000000.00
"MB815748","ELOISE                        ","255 SHADOW MOUNTAIN DR STE A  ","EL PASO             ","TX","79912","071","          ","2016/07", 000001906.75
"MB892046","ELVIS MONTANA DANCING         ","1825 MONTANA AVE              ","EL PASO             ","TX","79902","071","          ","2016/07", 000000145.72
"MB863835","EMBASSY SUITES EL PASO        ","6100 GATEWAY BLVD E           ","EL PASO             ","TX","79905","071","          ","2016/07", 000000422.50
"MB219140","ERIN'S                        ","6306 N MESA ST                ","EL PASO             ","TX","79912","071","          ","2016/07", 000002410.59
"MB827375","ERNIE'S CAFE                  ","1506 N ZARAGOZA RD            ","EL PASO             ","TX","79936","071","          ","2016/07", 000000339.15
"MB826687","ESCAPE NIGHT CLUB             ","1111 KESSLER DR               ","EL PASO             ","TX","79907","071","          ","2016/07", 000001912.51
"MB212501","ESTEBAN'S QUINTA FELIZ        ","7806 WEST DR                  ","EL PASO             ","TX","79915","071","          ","2016/07", 000001300.47
"MB991781","EXELARY NIGHT CLUB            ","9841 MONTANA AVE STE A        ","EL PASO             ","TX","79925","071","          ","2016/07", 000000672.74
"MB759830","FAMOUS DAVE'S                 ","7501 N MESA ST                ","EL PASO             ","TX","79912","071","          ","2016/07", 000000932.90
"MB759835","FAMOUS DAVE'S                 ","1360 GEORGE DIETER DR         ","EL PASO             ","TX","79936","071","          ","2016/07", 000001103.15
"MB767957","FANATICS SPORTS BAR & GRILL   ","11040 MONTWOOD DR STE 600     ","EL PASO             ","TX","79936","071","          ","2016/06", 000001746.62
"MB767957","FANATICS SPORTS BAR & GRILL   ","11040 MONTWOOD DR STE 600     ","EL PASO             ","TX","79936","071","          ","2016/07", 000002117.66
"MB704902","FIESTA LANES                  ","5850 ONIX DR                  ","EL PASO             ","TX","79912","071","          ","2016/07", 000001613.69
"MB949791","FOOLS GOLD                    ","2700 N MESA ST                ","EL PASO             ","TX","79902","071","          ","2016/07", 000002213.61
"MB879413","FORTIS MEXICAN ELDER RESTAURAN","321 CHELSEA ST                ","EL PASO             ","TX","79905","071","          ","2016/07", 000000446.28
"D 862144","FRUITIKI INCORPORATED         ","2211 TEXAS AVE                ","EL PASO             ","TX","79901","071","          ","2016/07", 000000000.00
"MB865717","FUNKMEYER'S REC ROOM          ","1506 N LEE TREVINO DR STE B1  ","EL PASO             ","TX","79936","071","          ","2016/07", 000008622.23
"MB465206","GABRIEL'S                     ","1270 GILES RD                 ","EL PASO             ","TX","79915","071","          ","2016/07", 000000247.09
"MB747157","GARUFA                        ","5411 N MESA ST STE 26-A       ","EL PASO             ","TX","79912","071","          ","2016/07", 000001229.45
"MB786318","GENGHIS GRILL - THE MONGOLIAN ","1318 GEORGE DIETER DR         ","EL PASO             ","TX","79936","071","          ","2016/07", 000000137.41
"MB502174","GEOGESKE                      ","2701 N STANTON ST             ","EL PASO             ","TX","79902","071","          ","2016/07", 000001715.20
"MB633667","GESKES GRILL                  ","1506 N LEE TREVINO DR STE C   ","EL PASO             ","TX","79936","071","          ","2016/07", 000002534.07
"MB108099","GONZALO'S G & R RESTAURANT    ","401 E NEVADA AVE              ","EL PASO             ","TX","79902","071","          ","2016/07", 000000115.10
"MB511569","GRAHAM'S CORNER               ","5959 N MESA ST                ","EL PASO             ","TX","79912","071","          ","2016/07", 000002775.60
"MB905281","GRAY DOG PUB                  ","500 N OREGON ST # 22          ","EL PASO             ","TX","79901","071","          ","2016/07", 000001948.02
"MB636604","GREAT AMERICAN LAND & CATTLE C","7600 ALABAMA ST               ","EL PASO             ","TX","79904","071","          ","2016/07", 000000425.31
"MB602535","GREAT AMERICAN LAND AND CATTLE","1345 GEORGE DIETER DR         ","EL PASO             ","TX","79936","071","          ","2016/07", 000001365.12
"MB446638","GREAT AMERICAN STEAKBURGER #2 ","9800 GATEWAY BLVD N           ","EL PASO             ","TX","79924","071","          ","2016/07", 000000643.80
"MB655808","HANDLEBARS LLC                ","1731 N LEE TREVINO DR         ","EL PASO             ","TX","79936","071","          ","2016/07", 000004867.48
"MB863603","HAWTHORN INN & SUITES EL PASO ","6789 BOEING DR                ","EL PASO             ","TX","79925","071","          ","2016/07", 000000189.81
"MB779887","HAYASHI                       ","10501 GATEWAY BLVD W          ","EL PASO             ","TX","79925","071","          ","2016/07", 000000650.03
"MB792666","HILTON GARDEN INN             ","6650 GATEWAY BLVD E           ","EL PASO             ","TX","79915","071","          ","2016/07", 000000747.38
"MB849721","HINEYS RESTAURANT             ","8220 GATEWAY BLVD E           ","EL PASO             ","TX","79907","071","          ","2016/07", 000002047.65
"MB884794","HOLIDAY INN EL PASO           ","6351 GATEWAY BLVD W           ","EL PASO             ","TX","79925","071","          ","2016/07", 000000491.11
"MB724140","HOOTERS                       ","1170 SUNMOUNT DR              ","EL PASO             ","TX","79925","071","          ","2016/07", 000006211.16
"MB726817","HOPE AND ANCHOR               ","4012 N MESA ST                ","EL PASO             ","TX","79902","071","          ","2016/07", 000008073.56
"NE254853","HORIZON CITY POST NO. 598, THE","13000 HORIZON BLVD            ","EL PASO             ","TX","79927","071","          ","2016/07", 000000385.98
"MB659460","HORIZON NITE CLUB             ","3808 PERSHING DR              ","EL PASO             ","TX","79903","071","          ","2016/07", 000000276.30
"MB647821","HOST SERVICES INC             ","6701 CONVAIR RD               ","EL PASO             ","TX","79925","071","          ","2016/07", 000007541.18
"MB797375","HOT CHICKS WING HOUSE         ","2281 N ZARAGOZA RD STE 108    ","EL PASO             ","TX","79938","071","          ","2016/07", 000001114.74
"MB706390","HOTEL DON QUIXOTE, LTD.       ","600 N EL PASO ST              ","EL PASO             ","TX","79901","071","          ","2016/07", 000001652.01
"MB929970","HOTEL INDIGO                  ","325 N KANSAS ST               ","EL PASO             ","TX","79901","071","          ","2016/07", 000008970.76
"MB855538","HOWIES                        ","4506 MONTANA AVE              ","EL PASO             ","TX","79903","071","          ","2016/07", 000001259.80
"MB798379","HP ROUTE 46 TEXAS LLC         ","6030 GATEWAY BLVD E           ","EL PASO             ","TX","79905","071","          ","2016/07", 000000491.51
"MB179082","HUDSON'S GRILL                ","1770 N LEE TREVINO DR         ","EL PASO             ","TX","79936","071","          ","2016/07", 000001795.73
"MB929339","IDK BAR                       ","10110 MCCOMBS ST              ","EL PASO             ","TX","79924","071","          ","2016/07", 000000746.11
"MB765586","IL CANTO BAR & LOUNGE LLC     ","1441 N ZARAGOZA RD STE 15&16  ","EL PASO             ","TX","79936","071","          ","2016/07", 000000603.20
"MB144537","INCREDIBLE'S                  ","5011 ALABAMA ST STE A         ","EL PASO             ","TX","79930","071","          ","2016/07", 000001686.59
"MB850842","INDEPENDENT BURGER            ","5001 N MESA ST STE 1A         ","EL PASO             ","TX","79912","071","          ","2016/07", 000000579.41
"MB942149","INTERNATIONAL                 ","114 E MILLS AVE # A           ","EL PASO             ","TX","79901","071","          ","2016/05", 000000000.00
"MB942149","INTERNATIONAL                 ","114 E MILLS AVE # A           ","EL PASO             ","TX","79901","071","          ","2016/07", 000006437.82
"MB416882","IRON HORSE SALOON             ","4930 HONDO PASS DR            ","EL PASO             ","TX","79924","071","          ","2016/07", 000002106.74
"MB752624","JACKS BEACH HOUSE             ","11240 MONTWOOD DR             ","EL PASO             ","TX","79936","071","          ","2016/07", 000005438.39
"MB608221","JARRITAS BAR                  ","13431 MONTANA AVE STE D       ","EL PASO             ","TX","79938","071","          ","2016/07", 000000312.08
"MB775055","JOE JOHN AND MARK CLUB        ","601 N PIEDRAS ST              ","EL PASO             ","TX","79903","071","          ","2016/07", 000001850.27
"MB504513","JOSEPH'S LOUNGE               ","8227 N LOOP DR                ","EL PASO             ","TX","79907","071","          ","2016/07", 000000872.87
"MB218711","JULIO'S CAFE CORONA           ","8050 GATEWAY BLVD E           ","EL PASO             ","TX","79907","071","          ","2016/07", 000001213.83
"MB762081","JULIO'S CAFE CORONA           ","3630 JOE BATTLE BLVD          ","EL PASO             ","TX","79938","071","          ","2016/07", 000001132.43
"MB940612","JUST ONE                      ","2708 N MESA ST # F            ","EL PASO             ","TX","79902","071","          ","2016/05", 000002937.41
"MB940612","JUST ONE                      ","2708 N MESA ST # F            ","EL PASO             ","TX","79902","071","          ","2016/06", 000000931.76
"MB900261","KANGNAM STYLE LLC             ","1550 HAWKINS BLVD STE 16-17   ","EL PASO             ","TX","79925","071","          ","2016/07", 000000154.70
"MB835273","KATSURA SUSHI BAR             ","5380 N MESA ST STE 101-103    ","EL PASO             ","TX","79912","071","          ","2016/07", 000000235.84
"MB858370","KERN PLACE TAVERN             ","214 CINCINNATI AVE            ","EL PASO             ","TX","79902","071","          ","2016/07", 000001455.44
"MB721968","KING'S X                      ","4119 N MESA ST                ","EL PASO             ","TX","79902","071","          ","2016/07", 000004300.86
"MB878440","KOI JAPANESE FUSION           ","5860 N MESA ST STE 129        ","EL PASO             ","TX","79912","071","          ","2016/06", 000000194.30
"MB983346","KONA GRILL                    ","8889 GATEWAY BLVD W STE 1740  ","EL PASO             ","TX","79925","071","          ","2016/07", 000009208.81
"MB890852","KOZE TEPPAN GRILL             ","2204 JOE BATTLE BLVD # C101   ","EL PASO             ","TX","79938","071","          ","2016/07", 000000748.65
"MB863819","LA CASA DEL PURO              ","216 W FRANKLIN AVE            ","EL PASO             ","TX","79901","071","          ","2016/06", 000000166.56
"MB863819","LA CASA DEL PURO              ","216 W FRANKLIN AVE            ","EL PASO             ","TX","79901","071","          ","2016/07", 000000196.44
"MB702471","LA MORENA RESTAURANT & CANTINA","315 E MILLS AVE               ","EL PASO             ","TX","79901","071","          ","2016/07", 000000795.96
"MB944685","LA MORENA RESTAURANT & CANTINA","6516 N MESA ST                ","EL PASO             ","TX","79912","071","          ","2016/07", 000000136.54
"MB645013","LA MORENA RESTAURANT AND CANTI","11250 MONTWOOD DR             ","EL PASO             ","TX","79936","071","          ","2016/07", 000000465.31
"MB901107","LA RANAZZ BEER DRINKS & FUN   ","4304 DYER ST                  ","EL PASO             ","TX","79930","071","          ","2016/07", 000000526.08
"MB254251","LANDRY'S SEAFFOD HOUSE        ","6801 GATEWAY BLVD W           ","EL PASO             ","TX","79925","071","          ","2016/07", 000002069.22
"MB830910","LAS PALMAS MEXICAN RESTAURANT,","1605 GEORGE DIETER DR STE 20  ","EL PASO             ","TX","79936","071","          ","2016/07", 000000726.28
"MB798256","LEO'S MEXICAN FOOD            ","7520 REMCON CIR               ","EL PASO             ","TX","79912","071","          ","2016/07", 000001174.10
"MB736759","LIGHTHOUSE BAR & GRILL        ","1810 GEORGE DIETER DR STE 10  ","EL PASO             ","TX","79936","071","          ","2016/07", 000002122.49
"MB930828","LIQUID COURAGE, INC.          ","1681 N ZARAGOZA RD STE C      ","EL PASO             ","TX","79936","071","          ","2016/06", 000000000.00
"MB777886","LIQUOR DICKS                  ","1360 N LEE TREVINO DR STE 40  ","EL PASO             ","TX","79936","071","          ","2016/07", 000000000.00
"MB790554","LITTLE BIT OF TEXAS           ","5500 DONIPHAN DR              ","EL PASO             ","TX","79932","071","          ","2016/07", 000007105.75
"MB227589","LLOYDS PUB                    ","6110 N MESA ST STE E          ","EL PASO             ","TX","79912","071","          ","2016/07", 000004647.79
"MB452997","LOGAN'S ROADHOUSE OF TEXAS INC","11865 GATEWAY BLVD W          ","EL PASO             ","TX","79936","071","          ","2016/07", 000001095.38
"MB773989","LOLA-LOLITA                   ","1441 N ZARAGOZA RD            ","EL PASO             ","TX","79936","071","          ","2016/06", 000001736.43
"MB773989","LOLA-LOLITA                   ","1441 N ZARAGOZA RD            ","EL PASO             ","TX","79936","071","          ","2016/07", 000001738.91
"MB949010","LOS CLOEGAS 3                 ","12430 EDGEMERE BLVD SPC 205-  ","EL PASO             ","TX","79938","071","          ","2016/07", 000000507.52
"MB806104","LOS COLEGAS                   ","9099 GATEWAY BLVD W           ","EL PASO             ","TX","79925","071","          ","2016/07", 000002363.96
"MB945841","LOS TOREADOS RESTAURANT #2    ","1155 N ZARAGOZA RD STE A101   ","EL PASO             ","TX","79907","071","          ","2016/06", 000000105.72
"MB760581","LOVE BUZZ                     ","3011 PERSHING DR              ","EL PASO             ","TX","79903","071","          ","2016/07", 000002331.26
"MB750645","LOWBROW PALACE                ","111 E ROBINSON AVE            ","EL PASO             ","TX","79902","071","          ","2016/07", 000000641.12
"MB206498","MACADOO'S                     ","3350 WEDGEWOOD DR             ","EL PASO             ","TX","79925","071","          ","2016/07", 000002039.41
"MB884001","MARK'S CANTINA                ","3233 N MESA ST STE 203        ","EL PASO             ","TX","79902","071","          ","2016/07", 000000908.65
"MB402239","MAVERICK'S BAR & GRILL        ","126 SHADOW MOUNTAIN DR STE C  ","EL PASO             ","TX","79912","071","          ","2016/07", 000000751.13
"MB508432","MAVERICK'S BAR AND GRILL      ","6999 MONTANA AVE STE G&H      ","EL PASO             ","TX","79925","071","          ","2016/07", 000002035.32
"MB455838","MAVERICKS BILLIARDS           ","11395 JAMES WATT DR STE A16&  ","EL PASO             ","TX","79936","071","          ","2016/07", 000002613.26
"MB570850","MESA MUSIC HALL               ","4151 N MESA ST                ","EL PASO             ","TX","79902","071","          ","2016/07", 000000349.33
"MB450861","MESA STREET BAR & GRILL       ","3800 N MESA ST STE D1         ","EL PASO             ","TX","79902","071","          ","2016/07", 000004328.26
"MB689256","MI PIACI                      ","5411 N MESA ST STE 1          ","EL PASO             ","TX","79912","071","          ","2016/07", 000000898.80
"MB741108","MINI BAR/LOFT                 ","2626 N MESA ST                ","EL PASO             ","TX","79902","071","          ","2016/07", 000001812.88
"MB935763","MOBIUS BAR 915                ","6269 AIRPORT RD               ","EL PASO             ","TX","79925","071","          ","2016/07", 000001317.89
"MB536061","MONARCH BAR                   ","914 N MESA ST STE C&D         ","EL PASO             ","TX","79902","071","          ","2016/07", 000002515.64
"MB162469","MONTRAE LOUNGE                ","9606 MONTANA AVE              ","EL PASO             ","TX","79925","071","          ","2016/07", 000002108.15
"MB848829","MOONRISE SPIRITS & SUSHI LLC  ","1320 N ZARAGOZA RD STE 101    ","EL PASO             ","TX","79936","071","          ","2016/07", 000000201.87
"NE752554","MOOSE LODGE #2641             ","14750 MARINA AVE              ","EL PASO             ","TX","79938","071","          ","2016/07", 000000295.06
"MB457539","MULLIGAN'S SHOT BAR           ","1815 TRAWOOD DR STE K         ","EL PASO             ","TX","79935","071","          ","2016/07", 000005185.33
"MB828876","MULLIGAN'S 2ND HOLE, INC.     ","1605 GEORGE DIETER DR STE 40  ","EL PASO             ","TX","79936","071","          ","2016/07", 000005155.31
"MB927051","MURRAY'S                      ","1580 GEORGE DIETER DR STE 10  ","EL PASO             ","TX","79936","071","          ","2016/07", 000001830.03
"MB925588","MYSTIC GRAPE                  ","2270 JOE BATTLE BLVD STE B&C  ","EL PASO             ","TX","79938","071","          ","2016/07", 000000760.71
"MB939822","NAMU KITCHEN AND BAR          ","11720 MONTANA AVE STE A2      ","EL PASO             ","TX","79936","071","          ","2016/06", 000002999.92
"MB939822","NAMU KITCHEN AND BAR          ","11720 MONTANA AVE STE A2      ","EL PASO             ","TX","79936","071","          ","2016/07", 000000000.00
"MB896866","NOLITA CORNER BISTRO          ","420 E SAN ANTONIO AVE         ","EL PASO             ","TX","79901","071","          ","2016/06", 000000222.03
"MB464133","NONA'S PIZZA BAR              ","6404 N MESA ST                ","EL PASO             ","TX","79912","071","          ","2016/07", 000000939.00
"MB912214","NONA'S PIZZA BAR              ","10420 MONTWOOD DR SPC ABC     ","EL PASO             ","TX","79935","071","          ","2016/07", 000000458.95
"MB868849","OASIS BAR                     ","5510 EL PASO DR               ","EL PASO             ","TX","79905","071","          ","2016/07", 000000517.50
"MB704874","OASIS LANES                   ","1660 N ZARAGOZA RD            ","EL PASO             ","TX","79936","071","          ","2016/07", 000002114.52
"MB885107","OJOS LOCOS SPORTS CANTINA     ","1204 AIRWAY BLVD              ","EL PASO             ","TX","79925","071","          ","2016/07", 000010893.26
"MB211918","OLD TIMERS/MO'Z BBQ           ","5019 ALABAMA ST               ","EL PASO             ","TX","79930","071","          ","2016/05", 000000358.11
"MB211918","OLD TIMERS/MO'Z BBQ           ","5019 ALABAMA ST               ","EL PASO             ","TX","79930","071","          ","2016/06", 000000343.17
"MB784994","OSAPLE, INC.                  ","333 N OREGON ST FL 2          ","EL PASO             ","TX","79901","071","          ","2016/06", 000000036.98
"MB784994","OSAPLE, INC.                  ","333 N OREGON ST FL 2          ","EL PASO             ","TX","79901","071","          ","2016/07", 000000048.50
"MB441917","OUTBACK STEAKHOUSE            ","11875 GATEWAY BLVD W          ","EL PASO             ","TX","79936","071","          ","2016/07", 000001370.15
"MB564547","P F CHANG'S CHINA BISTRO      ","760 SUNLAND PARK DR           ","EL PASO             ","TX","79912","071","          ","2016/07", 000002180.91
"MB950814","P.F. CHANG'S CHINA BISTRO (#98","8889 GATEWAY BLVD W STE 2300  ","EL PASO             ","TX","79925","071","          ","2016/07", 000000000.00
"MB623089","PACO WONGS CHINESE RESTAURANT ","7111 N MESA ST                ","EL PASO             ","TX","79912","071","          ","2016/07", 000000319.99
"MB554519","PAINTED DUNES GOLF COURSE     ","12000 MCCOMBS ST              ","EL PASO             ","TX","79934","071","          ","2016/07", 000000575.12
"MB506935","PAPILLON BAR & GRILL          ","6263 AIRPORT RD STE B         ","EL PASO             ","TX","79925","071","          ","2016/07", 000000317.17
"MB647277","PARK PLACE ABC CORPORATION    ","111 W UNIVERSITY AVE          ","EL PASO             ","TX","79902","071","          ","2016/07", 000000921.98
"NE489800","PARTIDA HALL                  ","2608 FORT BLVD                ","EL PASO             ","TX","79930","071","          ","2016/06", 000000037.85
"MB548841","PELICAN'S RESTAURANT          ","1780 N LEE TREVINO DR         ","EL PASO             ","TX","79936","071","          ","2016/07", 000001745.35
"MB137542","PELICAN'S RESTAURANT OF EL PAS","130 SHADOW MOUNTAIN DR        ","EL PASO             ","TX","79912","071","          ","2016/07", 000003194.89
"MB674578","PERSHING INN                  ","2909 PERSHING DR              ","EL PASO             ","TX","79903","071","          ","2016/07", 000006082.79
"MB851275","PINT & PEANUT PUBLIC HOUSE LLC","518 W SAN ANTONIO AVE STE D   ","EL PASO             ","TX","79901","071","          ","2016/07", 000002887.76
"MB935063","PIZZA HUT #28299              ","2401 N ZARAGOZA RD            ","EL PASO             ","TX","79938","071","          ","2016/05", 000000312.75
"MB935063","PIZZA HUT #28299              ","2401 N ZARAGOZA RD            ","EL PASO             ","TX","79938","071","          ","2016/06", 000000249.77
"MB935063","PIZZA HUT #28299              ","2401 N ZARAGOZA RD            ","EL PASO             ","TX","79938","071","          ","2016/07", 000000273.36
"MB934199","PIZZA HUT #28300              ","7049 S DESERT BLVD STE 101    ","EL PASO             ","TX","79835","071","          ","2016/05", 000000355.16
"MB934199","PIZZA HUT #28300              ","7049 S DESERT BLVD STE 101    ","EL PASO             ","TX","79835","071","          ","2016/06", 000000371.98
"MB934199","PIZZA HUT #28300              ","7049 S DESERT BLVD STE 101    ","EL PASO             ","TX","79835","071","          ","2016/07", 000000360.52
"MB568927","PLAYERS BILLARDS              ","4024 DYER ST                  ","EL PASO             ","TX","79930","071","          ","2016/07", 000000486.01
"MB625019","PLAZA THEATRE PERFORMING ARTS ","125 PIONEER PLZ               ","EL PASO             ","TX","79901","071","          ","2016/07", 000000232.95
"MB756975","POCKETS BILLIARDS & FUN       ","4007 N MESA ST                ","EL PASO             ","TX","79902","071","          ","2016/07", 000003136.94
"MB796141","POCKETS BILLIARDS & FUN       ","9484 DYER ST BLDG B           ","EL PASO             ","TX","79924","071","          ","2016/07", 000004083.58
"MB714479","POCKETS BILLIARDS AND FUN     ","1441 N ZARAGOZA RD STE 1-7    ","EL PASO             ","TX","79936","071","          ","2016/07", 000008832.20
"MB751957","POP'S CANTINA                 ","6315 N MESA ST                ","EL PASO             ","TX","79912","071","          ","2016/07", 000000000.00
"MB725065","POT AU FEU                    ","307 E FRANKLIN AVE            ","EL PASO             ","TX","79901","071","          ","2016/07", 000000384.31
"MB465188","PREMIER HOSPITALITY, INC.     ","500 W UNIVERSITY AVE          ","EL PASO             ","TX","79968","071","          ","2016/07", 000000667.99
"MB751611","PRIDE LOUNGE LLC              ","510 N STANTON ST              ","EL PASO             ","TX","79901","071","          ","2016/07", 000003078.44
"MB221123","RADISSON SUITE INN            ","1770 AIRWAY BLVD              ","EL PASO             ","TX","79925","071","          ","2016/07", 000001115.21
"MB682673","RED LOBSTER #6337             ","1860 JOE BATTLE BLVD          ","EL PASO             ","TX","79936","071","          ","2016/07", 000001437.55
"MB097549","RED LOBSTER OF TEXAS INC 6214 ","8401 W GATEWAY BLVD           ","EL PASO             ","TX","79925","071","          ","2016/07", 000001748.29
"MB143235","RED LOBSTER RESTAURANT #887   ","800 SUNLAND PARK DR           ","EL PASO             ","TX","79912","071","          ","2016/07", 000001496.78
"MB554396","RED PARROT                    ","14401 GATEWAY BLVD W          ","EL PASO             ","TX","79928","071","          ","2016/06", 000003214.72
"MB779827","RED WASABI JAPANESE FUSION HOU","1700 N ZARAGOZA RD STE 153-1  ","EL PASO             ","TX","79936","071","          ","2016/06", 000001446.53
"MB885085","REWIND BAR                    ","10108 MCCOMBS ST              ","EL PASO             ","TX","79924","071","          ","2016/06", 000000483.87
"MB885085","REWIND BAR                    ","10108 MCCOMBS ST              ","EL PASO             ","TX","79924","071","          ","2016/07", 000000411.44
"MB710754","ROMANO'S MACARONI GRILL       ","11885 GATEWAY BLVD W          ","EL PASO             ","TX","79936","071","          ","2016/07", 000000996.75
"MB749847","ROSA'S CANTINA                ","3454 DONIPHAN DR              ","EL PASO             ","TX","79922","071","          ","2016/07", 000002588.81
"MB771752","ROYAL WINGS SPORTS BAR        ","6513B N MESA ST               ","EL PASO             ","TX","79912","071","          ","2016/07", 000000553.55
"MB890741","RUBIK'S ARCADE BAR            ","4025 N MESA ST STE A          ","EL PASO             ","TX","79902","071","          ","2016/07", 000007721.01
"MB876073","RUMOR S SPORTS CLUB AND LOUNGE","3317 DYER ST                  ","EL PASO             ","TX","79930","071","          ","2016/07", 000000533.25
"MB939123","RUTH'S CHRIS STEAK HOUSE      ","8889 GATEWAY BLVD W STE 400   ","EL PASO             ","TX","79925","071","          ","2016/07", 000000000.00
"MB932018","SERIC'S                       ","504 W SAN ANTONIO AVE STE C   ","EL PASO             ","TX","79901","071","          ","2016/07", 000000000.00
"MB929522","SHAMROCK IRISH PUB            ","2285 TRAWOOD DR               ","EL PASO             ","TX","79935","071","          ","2016/06", 000001634.80
"MB628293","SMOKEY'S PIT STOP             ","1700 N ZARAGOZA RD STE 127-1  ","EL PASO             ","TX","79936","071","          ","2016/07", 000003827.04
"MB633061","SMOKEY'S PIT STOP             ","9100 VISCOUNT BLVD STE J      ","EL PASO             ","TX","79925","071","          ","2016/07", 000004364.44
"MB633063","SMOKEY'S PIT STOP             ","1346 N LEE TREVINO DR STE 20  ","EL PASO             ","TX","79936","071","          ","2016/07", 000000000.00
"MB842451","SPARROWS SPIRITS & PIES II    ","201 S EL PASO ST              ","EL PASO             ","TX","79901","071","          ","2016/07", 000000425.91
"MB238557","SPECIAL EDITION               ","3333 N YARBROUGH DR STE D     ","EL PASO             ","TX","79925","071","          ","2016/07", 000002819.76
"MB871538","STONEWOOD MODERN AMERICAN STEA","4935 N MESA ST STE 1A         ","EL PASO             ","TX","79912","071","          ","2016/07", 000002045.57
"MB903201","SUDZ BAR                      ","10406 DYER ST                 ","EL PASO             ","TX","79924","071","          ","2016/07", 000002654.60
"MB538505","SUMMIT BALLROOM & CONFERENCE C","120 N FESTIVAL DR             ","EL PASO             ","TX","79912","071","          ","2016/06", 000000030.01
"MB538505","SUMMIT BALLROOM & CONFERENCE C","120 N FESTIVAL DR             ","EL PASO             ","TX","79912","071","          ","2016/07", 000000101.43
"MB807142","SUSHI PLACE AND LOUNGE        ","5905 N MESA ST STE A          ","EL PASO             ","TX","79912","071","          ","2016/06", 000000467.45
"MB807142","SUSHI PLACE AND LOUNGE        ","5905 N MESA ST STE A          ","EL PASO             ","TX","79912","071","          ","2016/07", 000000385.45
"MB845781","T'KILA BAR                    ","1160 AIRWAY BLVD BLDG D       ","EL PASO             ","TX","79925","071","          ","2016/07", 000002220.71
"MB748782","TABLA                         ","115 S DURANGO ST STE D        ","EL PASO             ","TX","79901","071","          ","2016/07", 000000532.18
"MB571061","TAKE FIVE PIANO LOUNGE        ","1626 N YARBROUGH DR           ","EL PASO             ","TX","79925","071","          ","2016/07", 000001059.00
"MB526110","TANYA'S GRIDIRON              ","4620A DYER ST                 ","EL PASO             ","TX","79930","071","          ","2016/07", 000001402.98
"MB897692","TAQUERIA Y BORRACHERIA 1810   ","1441 N ZARAGOZA RD STE A3-4   ","EL PASO             ","TX","79936","071","          ","2016/06", 000000860.34
"MB897692","TAQUERIA Y BORRACHERIA 1810   ","1441 N ZARAGOZA RD STE A3-4   ","EL PASO             ","TX","79936","071","          ","2016/07", 000000943.89
"MB940683","TECLOS BAR                    ","204 PALM ST                   ","EL PASO             ","TX","79901","071","          ","2016/07", 000000463.90
"MB483895","TEQUILA SUNRISE               ","11701 GATEWAY BLVD W          ","EL PASO             ","TX","79936","071","          ","2016/07", 000002757.58
"MB738111","TEQUILAS DISCOTEQUE           ","810 PENDALE RD                ","EL PASO             ","TX","79907","071","          ","2016/07", 000006847.06
"MB557352","TEXAS ROADHOUSE               ","10729 GATEWAY BLVD W          ","EL PASO             ","TX","79935","071","          ","2016/07", 000002877.58
"MB614634","TEXAS ROADHOUSE               ","5010 N DESERT BLVD            ","EL PASO             ","TX","79912","071","          ","2016/07", 000002219.97
"MB466391","TEXAS SSA LLC                 ","4001 E PAISANO DR             ","EL PASO             ","TX","79905","071","          ","2016/07", 000000000.00
"MB857471","TEXAS ST CANTINA GRILL        ","912 TEXAS AVE STE D           ","EL PASO             ","TX","79901","071","          ","2016/07", 000000251.45
"MB675245","TEXAS STAGECOACH SALOON       ","10416 DYER ST                 ","EL PASO             ","TX","79924","071","          ","2016/07", 000000716.83
"MB258428","THE BRIAR PATCH               ","508 N STANTON ST INCLUDEDING  ","EL PASO             ","TX","79901","071","          ","2016/07", 000004293.89
"MB848532","THE BUZZ                      ","10910 MONTANA AVE STE B       ","EL PASO             ","TX","79936","071","          ","2016/07", 000001912.91
"MB936088","THE CRATE BAR                 ","316 S SANTA FE ST             ","EL PASO             ","TX","79901","071","          ","2016/07", 000000028.81
"MB570571","THE DARK HORSE                ","115 S DURANGO ST STE C        ","EL PASO             ","TX","79901","071","          ","2016/07", 000005098.63
"MB938151","THE EDGE                      ","610 N MESA ST                 ","EL PASO             ","TX","79901","071","          ","2016/07", 000000403.20
"MB610920","THE EL PASO CLUB              ","201 E MAIN DR FL 18           ","EL PASO             ","TX","79901","071","          ","2016/06", 000001080.04
"MB610920","THE EL PASO CLUB              ","201 E MAIN DR FL 18           ","EL PASO             ","TX","79901","071","          ","2016/07", 000000650.36
"MB663451","THE FIRE HYDRANT INC          ","3112 FORNEY LN                ","EL PASO             ","TX","79935","071","          ","2016/07", 000002766.63
"MB725561","THE GARDEN                    ","511 WESTERN CT                ","EL PASO             ","TX","79901","071","          ","2016/07", 000005745.92
"MB889575","THE GERMAN PUB                ","9530 VISCOUNT BLVD STE 2K     ","EL PASO             ","TX","79925","071","          ","2016/07", 000001054.58
"MB756366","THE HOPPY MONK, L.L.C.        ","4141 N MESA ST                ","EL PASO             ","TX","79902","071","          ","2016/07", 000005153.23
"MB102290","THE JOINT                     ","9923 MONTANA AVE              ","EL PASO             ","TX","79925","071","          ","2016/07", 000000886.81
"MB895189","THE KITCHEN AT 150 SUNSET     ","150 E SUNSET RD               ","EL PASO             ","TX","79922","071","          ","2016/07", 000000822.62
"MB899885","THE LEGENDARY TIPSY TIGER     ","1580 GEORGE DIETER DR STE 10  ","EL PASO             ","TX","79936","071","          ","2016/07", 000018699.63
"MB214790","THE OLIVE GARDEN #1202        ","740 SUNLAND PARK DR           ","EL PASO             ","TX","79912","071","          ","2016/07", 000001247.27
"MB218035","THE OLIVE GARDEN #1232        ","8401 GATEWAY BLVD WEST        ","EL PASO             ","TX","79925","071","          ","2016/07", 000001634.13
"MB675662","THE OLIVE GARDEN ITALIAN RESTA","1870 JOE BATTLE BLVD          ","EL PASO             ","TX","79936","071","          ","2016/07", 000001563.64
"MB927972","THE ROCKIN' CIGAR BAR & GRILL ","226 CINCINNATI AVE            ","EL PASO             ","TX","79902","071","          ","2016/07", 000001422.07
"MB927969","THE ROOFTOP                   ","4201 CAMELOT HTS              ","EL PASO             ","TX","79912","071","          ","2016/07", 000003404.06
"MB773747","THE SHACK WINGS & BREWS       ","3021 MCRAE BLVD               ","EL PASO             ","TX","79925","071","          ","2016/07", 000003876.62
"MB645003","THE TAP LOUNGE L L C          ","408 E SAN ANTONIO AVE         ","EL PASO             ","TX","79901","071","          ","2016/07", 000002014.15
"MB625636","THE TOOL BOX                  ","506 N STANTON ST              ","EL PASO             ","TX","79901","071","          ","2016/07", 000001381.94
"MB745347","THE TORTUGA SPORTS LOUNGE, LP ","126 SHADOW MOUNTAIN DR        ","EL PASO             ","TX","79912","071","          ","2016/07", 000003976.38
"MB684069","THIRSTY'S                     ","1709 SAUL KLEINFELD DR        ","EL PASO             ","TX","79936","071","          ","2016/07", 000001581.33
"MB838127","THREE PINTS PUB               ","10710 GATEWAY BLVD N STE A1   ","EL PASO             ","TX","79924","071","          ","2016/07", 000004810.53
"MB628820","THYME MATTERS INC             ","5857 N MESA ST STE 24         ","EL PASO             ","TX","79912","071","          ","2016/07", 000001283.65
"MB894530","TILTED KILT RESTAURANT        ","1501 N ZARAGOZA RD            ","EL PASO             ","TX","79936","071","          ","2016/07", 000002315.65
"MB955002","TIME OUT SPORTS BAR & GRILL   ","1407 E OVERLAND AVE           ","EL PASO             ","TX","79901","071","          ","2016/07", 000000600.25
"MB904371","TORO BURGER BAR               ","6590 MONTANA AVE STE A        ","EL PASO             ","TX","79925","071","          ","2016/07", 000000795.69
"MB928019","TORO BURGER BAR               ","1050 SUNLAND PARK DR STE A-7  ","EL PASO             ","TX","79922","071","          ","2016/07", 000000853.71
"MB879756","TOUCH BAR LLC                 ","800 E SAN ANTONIO AVE         ","EL PASO             ","TX","79901","071","          ","2016/07", 000000812.50
"MB205496","TRACK ONE                     ","1330 ROBERT E LEE RD          ","EL PASO             ","TX","79925","071","          ","2016/07", 000001436.74
"MB900224","TRADECRAFT COFFEE AND COCKTAIL","3737 N MESA ST STE B          ","EL PASO             ","TX","79902","071","          ","2016/06", 000001133.17
"MB781823","TRICKY FALLS/BOWIE FEATHERS   ","209 S EL PASO ST              ","EL PASO             ","TX","79901","071","          ","2016/06", 000001747.56
"MB781823","TRICKY FALLS/BOWIE FEATHERS   ","209 S EL PASO ST              ","EL PASO             ","TX","79901","071","          ","2016/07", 000001677.01
"MB758467","TUBO TUBO SPORTS BAR          ","1342 N ZARAGOZA RD STE D      ","EL PASO             ","TX","79936","071","          ","2016/07", 000000826.64
"MB895126","TVO ABC CORPORATION           ","900 SUNLAND PARK DR           ","EL PASO             ","TX","79922","071","          ","2016/07", 000000533.72
"MB849760","TWIN PEAKS                    ","8899 GATEWAY BLVD W STE 900   ","EL PASO             ","TX","79925","071","          ","2016/07", 000009732.68
"MB891032","TWIN PEAKS                    ","955 SUNLAND PARK DR           ","EL PASO             ","TX","79922","071","          ","2016/07", 000007700.37
"MB142285","TWINS INN, INCORPORATED       ","6203 AIRPORT RD               ","EL PASO             ","TX","79925","071","          ","2016/07", 000002034.25
"MB211228","UNIVERSITY OF TEXAS AT EL PASO","500 W UNIVERSITY AVE          ","EL PASO             ","TX","79968","071","          ","2016/07", 000000000.00
"MB843420","V CLUB/YARBRO SPORTS BAR & GRI","3512 N YARBROUGH DR           ","EL PASO             ","TX","79925","071","          ","2016/06", 000001023.22
"NE067812","V F W-DENNIS L CUNNINGHAM POST","4714 TITANIC AVE              ","EL PASO             ","TX","79904","071","          ","2016/06", 000000520.92
"MB411711","V I P LOUNGE                  ","5201 FAIRBANKS DR # C         ","EL PASO             ","TX","79924","071","          ","2016/07", 000000895.05
"MB868301","VENUE 1828, LLC               ","1828 E YANDELL DR             ","EL PASO             ","TX","79902","071","          ","2016/07", 000000000.00
"NE079762","VETERANS FOREIGN WARS YUCCA PO","5535 SALUKI DR                ","EL PASO             ","TX","79924","071","          ","2016/07", 000000840.04
"MB838422","VILLA Y ZAPATA EL PASO INC.   ","1452 N ZARAGOZA RD STE A900   ","EL PASO             ","TX","79936","071","          ","2016/07", 000000096.54
"MB547573","VISTA HILLS COUNTRY CLUB      ","2210 TRAWOOD DR UNIT B        ","EL PASO             ","TX","79935","071","          ","2016/07", 000000990.93
"MB559560","VIVAR'S VILLA DEL MAR SEAFOOD ","7988 GATEWAY BLVD E           ","EL PASO             ","TX","79907","071","          ","2016/07", 000001022.08
"MB757391","VIVAR'S VILLA DEL MAR SEAFOOD ","5668 N MESA ST                ","EL PASO             ","TX","79912","071","          ","2016/07", 000000556.56
"MB742273","VT'S ROBADOO'S                ","1071 COUNTRY CLUB RD          ","EL PASO             ","TX","79932","071","          ","2016/07", 000000644.54
"MB937501","W                             ","207B CINCINNATI AVE           ","EL PASO             ","TX","79902","071","          ","2016/06", 000000561.46
"MB857462","WESTSIDE 3RD HOLE             ","1035 BELVIDERE ST STE 168-16  ","EL PASO             ","TX","79912","071","          ","2016/07", 000004716.80
"MB668476","WHISKEY DICKS                 ","1580 GEORGE DIETER DR STE 20  ","EL PASO             ","TX","79936","071","          ","2016/07", 000011584.70
"MB888304","WHISKEY'S BREW AND CHEW       ","1610 SIOUX DR                 ","EL PASO             ","TX","79925","071","          ","2016/07", 000001751.78
"MB905485","WHITE ELEPHANT BREW & BREW    ","109 N COLDWELL ST             ","EL PASO             ","TX","79901","071","          ","2016/07", 000007414.22
"MB820167","WILD HORSE NIGHTCLUB          ","8750 GATEWAY BLVD E           ","EL PASO             ","TX","79907","071","          ","2016/06", 000002012.81
"MB820167","WILD HORSE NIGHTCLUB          ","8750 GATEWAY BLVD E           ","EL PASO             ","TX","79907","071","          ","2016/07", 000002511.16
"MB693595","WING DADDY'S #1               ","12115 MONTWOOD DR STE 101-10  ","EL PASO             ","TX","79936","071","          ","2016/07", 000002499.36
"MB733747","WING DADDY'S #2               ","1461 N LEE TREVINO DR SPC 10  ","EL PASO             ","TX","79936","071","          ","2016/07", 000003885.39
"MB746205","WING DADDY'S #3               ","7500 N MESA ST # 309-311      ","EL PASO             ","TX","79912","071","          ","2016/07", 000003563.52
"MB925077","WING DADDY'S SAUCE HOUSE      ","12302 MONTANA AVE             ","EL PASO             ","TX","79938","071","          ","2016/07", 000003740.40
"MB793026","WING DADDY'S SAUCE HOUSE #4   ","11100 SEAN HAGGERTY DR BLDG   ","EL PASO             ","TX","79934","071","          ","2016/07", 000003283.26
"MB832213","WING DADDY'S SAUCE HOUSE #5   ","1201 AIRWAY BLVD STE B1       ","EL PASO             ","TX","79925","071","          ","2016/07", 000003424.10
"MB824097","WINGHOUSE                     ","9100 VISCOUNT BLVD STE C      ","EL PASO             ","TX","79925","071","          ","2016/07", 000002945.05
"MB436667","YVAN'S OFFSIDES INC           ","2602 N PIEDRAS ST             ","EL PASO             ","TX","79930","071","          ","2016/07", 000001466.96
"MB868579","ZABRAC  BAR SERVICES, LLC     ","1135 AIRWAY BLVD              ","EL PASO             ","TX","79925","071","          ","2016/07", 000001303.61
"MB921331","ZOCALO CANTINA                ","1160 AIRWAY BLVD STE C4       ","EL PASO             ","TX","79925","071","          ","2016/05", 000000000.00
"MB921331","ZOCALO CANTINA                ","1160 AIRWAY BLVD STE C4       ","EL PASO             ","TX","79925","071","          ","2016/06", 000000000.00
"MB921331","ZOCALO CANTINA                ","1160 AIRWAY BLVD STE C4       ","EL PASO             ","TX","79925","071","          ","2016/07", 000000000.00
"MB905477","1/8TH PIZZA PUB               ","830 N PIEDRAS ST              ","EL PASO             ","TX","79903","071","          ","2016/07", 000001546.15
"MB609869","1914 LOUNGE                   ","115 S DURANGO ST STE A        ","EL PASO             ","TX","79901","071","          ","2016/07", 000001762.50
"MB903717","2310 NIGHTCLUB                ","1840 N LEE TREVINO DR STE 20  ","EL PASO             ","TX","79936","071","          ","2016/07", 000000882.05
"MB944146","2712 N MESA LLC               ","2712 N MESA ST                ","EL PASO             ","TX","79902","071","          ","2016/05", 000000000.00
"MB944146","2712 N MESA LLC               ","2712 N MESA ST                ","EL PASO             ","TX","79902","071","          ","2016/06", 000000000.00
"MB944146","2712 N MESA LLC               ","2712 N MESA ST                ","EL PASO             ","TX","79902","071","          ","2016/07", 000000000.00
"MB847295","301                           ","301 S OCHOA ST                ","EL PASO             ","TX","79901","071","          ","2016/07", 000002422.45
"MB900488","4TH & GOAL WINGHOUSE          ","1550 HAWKINS BLVD # 2-4       ","EL PASO             ","TX","79925","071","          ","2016/07", 000001047.81
"MB824416","5 POINTS BISTRO               ","3019 MONTANA AVE              ","EL PASO             ","TX","79903","071","          ","2016/07", 000003932.43
"MB810816","5 POINTS SPORTS BAR & COCKTAIL","3010 PERSHING DR STE AB       ","EL PASO             ","TX","79903","071","          ","2016/04", 000000583.23
"MB810816","5 POINTS SPORTS BAR & COCKTAIL","3010 PERSHING DR STE AB       ","EL PASO             ","TX","79903","071","          ","2016/07", 000000000.00
"MB748789","6 STRINGS                     ","1160 AIRWAY BLVD STE C        ","EL PASO             ","TX","79925","071","          ","2016/07", 000001570.54
"MB923899","7700 SPORTS & SPIRITS LLC     ","7700 ALABAMA ST STE E         ","EL PASO             ","TX","79904","071","          ","2016/06", 000001360.36
"MB923899","7700 SPORTS & SPIRITS LLC     ","7700 ALABAMA ST STE E         ","EL PASO             ","TX","79904","071","          ","2016/07", 000001813.02
"MB740780","8 1/2 THE SPEAK EASY          ","504 N STANTON ST              ","EL PASO             ","TX","79901","071","          ","2016/07", 000002457.82
"MB086122","INDIAN CLIFFS STEAK HOUSE     ","4 1/2 MI N INTERSTATE 10      ","FABENS              ","TX","79838","071","          ","2016/07", 000004704.13
"MB852153","MOONLIGHT BAR & GRILL         ","16000 ASHFORD ST              ","HORIZON CITY        ","TX","79928","071","          ","2016/07", 000003441.52
"MB949127","POCKETS BILLIARDS & FUN, LLC  ","13650 EASTLAKE DR STE C-307   ","HORIZON CITY        ","TX","79928","071","          ","2016/07", 000000000.00
"MB907745","WING DADDY'S SAUCE HOUSE      ","13700 EASTLAKE DR STE 100     ","HORIZON CITY        ","TX","79928","071","          ","2016/07", 000003054.19
"MB821409","4TH & GOAL WINGHOUSE          ","14010 HORIZON BLVD STE F&G    ","HORIZON CITY        ","TX","79928","071","          ","2016/07", 000001342.88
"MB913920","EL RUEDO                      ","370 BAUMAN RD                 ","SOCORRO             ","TX","79927","071","          ","2016/07", 000000828.58
"MB876888","MISSION TRAIL BURGER & PATIO B","10297 SOCORRO RD              ","SOCORRO             ","TX","79927","071","          ","2016/06", 000000560.99
"MB556412","GREAT AMERICAN LAND AND CATTLE","600 VALLEY CHILI RD           ","VINTON              ","TX","79821","071","          ","2016/07", 000001297.32